<?xml version="1.0" encoding="UTF-8"?>
<config xmlns="http://www.knime.org/2008/09/XMLConfig" xmlns:xsi="http://www.w3.org/2001/XMLSchema-instance" xsi:schemaLocation="http://www.knime.org/2008/09/XMLConfig http://www.knime.org/XMLConfig_2008_09.xsd" key="model.xml">
<entry key="version" type="xint" value="1"/>
<entry key="class_name" type="xstring" value="org.knime.base.data.normalize.NormalizerPortObject"/>
<config key="model">
<config key="columns">
<config key="CP">
<entry key="column_name" type="xstring" value="CP"/>
<entry key="column_scale" type="xdouble" value="1.0008407061932023E-5"/>
<entry key="column_translate" type="xdouble" value="-5.104287601585332E-4"/>
<entry key="column_min" type="xdouble" value="0.0"/>
<entry key="column_max" type="xdouble" value="1.0"/>
</config>
<config key="S Ref E">
<entry key="column_name" type="xstring" value="S Ref E"/>
<entry key="column_scale" type="xdouble" value="1.7237218602406315E-6"/>
<entry key="column_translate" type="xdouble" value="-0.1291067673320233"/>
<entry key="column_min" type="xdouble" value="0.0"/>
<entry key="column_max" type="xdouble" value="1.0"/>
</config>
<config key="S Ref N">
<entry key="column_name" type="xstring" value="S Ref N"/>
<entry key="column_scale" type="xdouble" value="8.367080558251615E-7"/>
<entry key="column_translate" type="xdouble" value="-0.008567890491649653"/>
<entry key="column_min" type="xdouble" value="0.0"/>
<entry key="column_max" type="xdouble" value="1.0"/>
</config>
<config key="A-Junction">
<entry key="column_name" type="xstring" value="A-Junction"/>
<entry key="column_scale" type="xdouble" value="2.63345701803128E-6"/>
<entry key="column_translate" type="xdouble" value="-2.63345701803128E-6"/>
<entry key="column_min" type="xdouble" value="0.0"/>
<entry key="column_max" type="xdouble" value="1.0"/>
</config>
<config key="B-Junction">
<entry key="column_name" type="xstring" value="B-Junction"/>
<entry key="column_scale" type="xdouble" value="0.020833333333333332"/>
<entry key="column_translate" type="xdouble" value="-0.020833333333333332"/>
<entry key="column_min" type="xdouble" value="0.0"/>
<entry key="column_max" type="xdouble" value="1.0"/>
</config>
<config key="LenNet">
<entry key="column_name" type="xstring" value="LenNet"/>
<entry key="column_scale" type="xdouble" value="0.018050541516245487"/>
<entry key="column_translate" type="xdouble" value="-0.0018050541516245488"/>
<entry key="column_min" type="xdouble" value="0.0"/>
<entry key="column_max" type="xdouble" value="1.0"/>
</config>
</config>
<entry key="summary" type="xstring" value="Min/Max (0.0, 1) normalization on 6 column(s)"/>
</config>
</config>
