<?xml version="1.0" encoding="UTF-8"?>
<config xmlns="http://www.knime.org/2008/09/XMLConfig" xmlns:xsi="http://www.w3.org/2001/XMLSchema-instance" xsi:schemaLocation="http://www.knime.org/2008/09/XMLConfig http://www.knime.org/XMLConfig_2008_09.xsd" key="MiningSchema">
<config key="learning">
<entry key="array-size" type="xint" value="8"/>
<entry key="0" type="xstring" value="CP"/>
<entry key="1" type="xstring" value="ONS GOR Name"/>
<entry key="2" type="xstring" value="RCategory"/>
<entry key="3" type="xstring" value="S Ref E"/>
<entry key="4" type="xstring" value="S Ref N"/>
<entry key="5" type="xstring" value="A-Junction"/>
<entry key="6" type="xstring" value="B-Junction"/>
<entry key="7" type="xstring" value="LenNet"/>
</config>
<config key="target">
<entry key="array-size" type="xint" value="0"/>
</config>
</config>
