<?xml version="1.0" encoding="UTF-8"?>
<config xmlns="http://www.knime.org/2008/09/XMLConfig" xmlns:xsi="http://www.w3.org/2001/XMLSchema-instance" xsi:schemaLocation="http://www.knime.org/2008/09/XMLConfig http://www.knime.org/XMLConfig_2008_09.xsd" key="MiningSchema">
<config key="learning">
<entry key="array-size" type="xint" value="19"/>
<entry key="0" type="xstring" value="Year"/>
<entry key="1" type="xstring" value="CP"/>
<entry key="2" type="xstring" value="ONS GOR Name"/>
<entry key="3" type="xstring" value="S Ref E"/>
<entry key="4" type="xstring" value="S Ref N"/>
<entry key="5" type="xstring" value="LenNet"/>
<entry key="6" type="xstring" value="PC"/>
<entry key="7" type="xstring" value="2WMV"/>
<entry key="8" type="xstring" value="Car"/>
<entry key="9" type="xstring" value="Bus"/>
<entry key="10" type="xstring" value="LGV"/>
<entry key="11" type="xstring" value="HGVR2"/>
<entry key="12" type="xstring" value="HGVR3"/>
<entry key="13" type="xstring" value="HGVR4"/>
<entry key="14" type="xstring" value="HGVA3"/>
<entry key="15" type="xstring" value="HGVA5"/>
<entry key="16" type="xstring" value="HGVA6"/>
<entry key="17" type="xstring" value="HGV"/>
<entry key="18" type="xstring" value="AllMV"/>
</config>
<config key="target">
<entry key="array-size" type="xint" value="1"/>
<entry key="0" type="xstring" value="RCategory"/>
</config>
</config>
