<?xml version="1.0" encoding="UTF-8"?>
<config xmlns="http://www.knime.org/2008/09/XMLConfig" xmlns:xsi="http://www.w3.org/2001/XMLSchema-instance" xsi:schemaLocation="http://www.knime.org/2008/09/XMLConfig http://www.knime.org/XMLConfig_2008_09.xsd" key="model.xml">
<entry key="version" type="xint" value="1"/>
<entry key="class_name" type="xstring" value="org.knime.base.node.mine.bayes.naivebayes.port.NaiveBayesPortObject"/>
<config key="model">
<config key="naiveBayesModel">
<entry key="ClassColumnName" type="xstring" value="AllMV"/>
<entry key="skipMissingVals" type="xboolean" value="false"/>
<config key="SkippedAttributes">
<entry key="SkippedAttributesCounter" type="xint" value="4"/>
<config key="SkippedAttributeData_0">
<entry key="attributeName" type="xstring" value="B-Junction"/>
<entry key="type" type="xstring" value="NominalModel"/>
<entry key="skipMissingVals" type="xboolean" value="false"/>
<entry key="numberOfMissingValues" type="xint" value="0"/>
<entry key="invalidCause" type="xstring" value="Too many values"/>
<config key="data">
<entry key="maxNoOfAttrs" type="xint" value="20"/>
<entry key="noOfClasses" type="xint" value="2"/>
<config key="attributeValues">
<entry key="array-size" type="xint" value="20"/>
<entry key="0" type="xstring" value="A5104"/>
<entry key="1" type="xstring" value="B4130"/>
<entry key="2" type="xstring" value="A547"/>
<entry key="3" type="xstring" value="LA Boundary"/>
<entry key="4" type="xstring" value="A3110"/>
<entry key="5" type="xstring" value="A548"/>
<entry key="6" type="xstring" value="Pentre Rd, Abergavenny"/>
<entry key="7" type="xstring" value="27"/>
<entry key="8" type="xstring" value="37"/>
<entry key="9" type="xstring" value="A4067"/>
<entry key="10" type="xstring" value="A5114"/>
<entry key="11" type="xstring" value="B4233"/>
<entry key="12" type="xstring" value="A4086"/>
<entry key="13" type="xstring" value="A4161"/>
<entry key="14" type="xstring" value="A4087"/>
<entry key="15" type="xstring" value="Swansea Rd"/>
<entry key="16" type="xstring" value="B4331"/>
<entry key="17" type="xstring" value="A490"/>
<entry key="18" type="xstring" value="A4222 Gibbet's Hill"/>
<entry key="19" type="xstring" value="A3112"/>
</config>
<config key="classValueData_0">
<entry key="classValue" type="xstring" value="do 80 tys."/>
<entry key="noOfRows" type="xint" value="23"/>
<entry key="MissingValCounter" type="xint" value="0"/>
<config key="attributeValues">
<entry key="array-size" type="xint" value="18"/>
<entry key="0" type="xstring" value="A5104"/>
<entry key="1" type="xstring" value="B4130"/>
<entry key="2" type="xstring" value="LA Boundary"/>
<entry key="3" type="xstring" value="A3110"/>
<entry key="4" type="xstring" value="A548"/>
<entry key="5" type="xstring" value="Pentre Rd, Abergavenny"/>
<entry key="6" type="xstring" value="27"/>
<entry key="7" type="xstring" value="37"/>
<entry key="8" type="xstring" value="A4067"/>
<entry key="9" type="xstring" value="A5114"/>
<entry key="10" type="xstring" value="A4086"/>
<entry key="11" type="xstring" value="A4161"/>
<entry key="12" type="xstring" value="A4087"/>
<entry key="13" type="xstring" value="Swansea Rd"/>
<entry key="14" type="xstring" value="B4331"/>
<entry key="15" type="xstring" value="A490"/>
<entry key="16" type="xstring" value="A4222 Gibbet's Hill"/>
<entry key="17" type="xstring" value="A3112"/>
</config>
<config key="attributeCounter">
<entry key="array-size" type="xint" value="18"/>
<entry key="0" type="xint" value="1"/>
<entry key="1" type="xint" value="1"/>
<entry key="2" type="xint" value="3"/>
<entry key="3" type="xint" value="2"/>
<entry key="4" type="xint" value="1"/>
<entry key="5" type="xint" value="1"/>
<entry key="6" type="xint" value="1"/>
<entry key="7" type="xint" value="1"/>
<entry key="8" type="xint" value="1"/>
<entry key="9" type="xint" value="1"/>
<entry key="10" type="xint" value="1"/>
<entry key="11" type="xint" value="1"/>
<entry key="12" type="xint" value="1"/>
<entry key="13" type="xint" value="1"/>
<entry key="14" type="xint" value="1"/>
<entry key="15" type="xint" value="1"/>
<entry key="16" type="xint" value="1"/>
<entry key="17" type="xint" value="3"/>
</config>
</config>
<config key="classValueData_1">
<entry key="classValue" type="xstring" value="80 - 160 tys."/>
<entry key="noOfRows" type="xint" value="2"/>
<entry key="MissingValCounter" type="xint" value="0"/>
<config key="attributeValues">
<entry key="array-size" type="xint" value="2"/>
<entry key="0" type="xstring" value="A547"/>
<entry key="1" type="xstring" value="B4233"/>
</config>
<config key="attributeCounter">
<entry key="array-size" type="xint" value="2"/>
<entry key="0" type="xint" value="1"/>
<entry key="1" type="xint" value="1"/>
</config>
</config>
</config>
</config>
<config key="SkippedAttributeData_1">
<entry key="attributeName" type="xstring" value="A-Junction"/>
<entry key="type" type="xstring" value="NominalModel"/>
<entry key="skipMissingVals" type="xboolean" value="false"/>
<entry key="numberOfMissingValues" type="xint" value="0"/>
<entry key="invalidCause" type="xstring" value="Too many values"/>
<config key="data">
<entry key="maxNoOfAttrs" type="xint" value="20"/>
<entry key="noOfClasses" type="xint" value="2"/>
<config key="attributeValues">
<entry key="array-size" type="xint" value="20"/>
<entry key="0" type="xstring" value="M4 jn38"/>
<entry key="1" type="xstring" value="A485"/>
<entry key="2" type="xstring" value="A478"/>
<entry key="3" type="xstring" value="A487"/>
<entry key="4" type="xstring" value="A4232 / A4050"/>
<entry key="5" type="xstring" value="LA Boundary"/>
<entry key="6" type="xstring" value="A3111"/>
<entry key="7" type="xstring" value="A4143  Merthyr   Road"/>
<entry key="8" type="xstring" value="A539"/>
<entry key="9" type="xstring" value="28"/>
<entry key="10" type="xstring" value="LA boundary"/>
<entry key="11" type="xstring" value="A4219"/>
<entry key="12" type="xstring" value="A547 Llanddulas"/>
<entry key="13" type="xstring" value="A449"/>
<entry key="14" type="xstring" value="B4389 Bridge St"/>
<entry key="15" type="xstring" value="B42776 Merthyr Road"/>
<entry key="16" type="xstring" value="A3112"/>
<entry key="17" type="xstring" value="Pierhead, Hugh Town"/>
<entry key="18" type="xstring" value="A550"/>
<entry key="19" type="xstring" value="A4080"/>
</config>
<config key="classValueData_0">
<entry key="classValue" type="xstring" value="do 80 tys."/>
<entry key="noOfRows" type="xint" value="24"/>
<entry key="MissingValCounter" type="xint" value="0"/>
<config key="attributeValues">
<entry key="array-size" type="xint" value="19"/>
<entry key="0" type="xstring" value="M4 jn38"/>
<entry key="1" type="xstring" value="A485"/>
<entry key="2" type="xstring" value="A478"/>
<entry key="3" type="xstring" value="A487"/>
<entry key="4" type="xstring" value="A4232 / A4050"/>
<entry key="5" type="xstring" value="LA Boundary"/>
<entry key="6" type="xstring" value="A3111"/>
<entry key="7" type="xstring" value="A4143  Merthyr   Road"/>
<entry key="8" type="xstring" value="A539"/>
<entry key="9" type="xstring" value="28"/>
<entry key="10" type="xstring" value="LA boundary"/>
<entry key="11" type="xstring" value="A4219"/>
<entry key="12" type="xstring" value="A547 Llanddulas"/>
<entry key="13" type="xstring" value="B4389 Bridge St"/>
<entry key="14" type="xstring" value="B42776 Merthyr Road"/>
<entry key="15" type="xstring" value="A3112"/>
<entry key="16" type="xstring" value="Pierhead, Hugh Town"/>
<entry key="17" type="xstring" value="A550"/>
<entry key="18" type="xstring" value="A4080"/>
</config>
<config key="attributeCounter">
<entry key="array-size" type="xint" value="19"/>
<entry key="0" type="xint" value="1"/>
<entry key="1" type="xint" value="1"/>
<entry key="2" type="xint" value="1"/>
<entry key="3" type="xint" value="1"/>
<entry key="4" type="xint" value="1"/>
<entry key="5" type="xint" value="4"/>
<entry key="6" type="xint" value="3"/>
<entry key="7" type="xint" value="1"/>
<entry key="8" type="xint" value="1"/>
<entry key="9" type="xint" value="1"/>
<entry key="10" type="xint" value="1"/>
<entry key="11" type="xint" value="1"/>
<entry key="12" type="xint" value="1"/>
<entry key="13" type="xint" value="1"/>
<entry key="14" type="xint" value="1"/>
<entry key="15" type="xint" value="1"/>
<entry key="16" type="xint" value="1"/>
<entry key="17" type="xint" value="1"/>
<entry key="18" type="xint" value="1"/>
</config>
</config>
<config key="classValueData_1">
<entry key="classValue" type="xstring" value="80 - 160 tys."/>
<entry key="noOfRows" type="xint" value="2"/>
<entry key="MissingValCounter" type="xint" value="0"/>
<config key="attributeValues">
<entry key="array-size" type="xint" value="2"/>
<entry key="0" type="xstring" value="LA Boundary"/>
<entry key="1" type="xstring" value="A449"/>
</config>
<config key="attributeCounter">
<entry key="array-size" type="xint" value="2"/>
<entry key="0" type="xint" value="1"/>
<entry key="1" type="xint" value="1"/>
</config>
</config>
</config>
</config>
<config key="SkippedAttributeData_2">
<entry key="attributeName" type="xstring" value="Road"/>
<entry key="type" type="xstring" value="NominalModel"/>
<entry key="skipMissingVals" type="xboolean" value="false"/>
<entry key="numberOfMissingValues" type="xint" value="0"/>
<entry key="invalidCause" type="xstring" value="Too many values"/>
<config key="data">
<entry key="maxNoOfAttrs" type="xint" value="20"/>
<entry key="noOfClasses" type="xint" value="2"/>
<config key="attributeValues">
<entry key="array-size" type="xint" value="20"/>
<entry key="0" type="xstring" value="A467"/>
<entry key="1" type="xstring" value="A40"/>
<entry key="2" type="xstring" value="A487"/>
<entry key="3" type="xstring" value="A489"/>
<entry key="4" type="xstring" value="A3111"/>
<entry key="5" type="xstring" value="A477"/>
<entry key="6" type="xstring" value="A5"/>
<entry key="7" type="xstring" value="A3110"/>
<entry key="8" type="xstring" value="A465"/>
<entry key="9" type="xstring" value="A466"/>
<entry key="10" type="xstring" value="A4051"/>
<entry key="11" type="xstring" value="M4"/>
<entry key="12" type="xstring" value="A55"/>
<entry key="13" type="xstring" value="A48"/>
<entry key="14" type="xstring" value="A472"/>
<entry key="15" type="xstring" value="A470"/>
<entry key="16" type="xstring" value="A458"/>
<entry key="17" type="xstring" value="A3112"/>
<entry key="18" type="xstring" value="A494"/>
<entry key="19" type="xstring" value="A483"/>
</config>
<config key="classValueData_0">
<entry key="classValue" type="xstring" value="do 80 tys."/>
<entry key="noOfRows" type="xint" value="46"/>
<entry key="MissingValCounter" type="xint" value="0"/>
<config key="attributeValues">
<entry key="array-size" type="xint" value="20"/>
<entry key="0" type="xstring" value="A467"/>
<entry key="1" type="xstring" value="A40"/>
<entry key="2" type="xstring" value="A487"/>
<entry key="3" type="xstring" value="A489"/>
<entry key="4" type="xstring" value="A3111"/>
<entry key="5" type="xstring" value="A477"/>
<entry key="6" type="xstring" value="A5"/>
<entry key="7" type="xstring" value="A3110"/>
<entry key="8" type="xstring" value="A465"/>
<entry key="9" type="xstring" value="A466"/>
<entry key="10" type="xstring" value="A4051"/>
<entry key="11" type="xstring" value="M4"/>
<entry key="12" type="xstring" value="A55"/>
<entry key="13" type="xstring" value="A48"/>
<entry key="14" type="xstring" value="A472"/>
<entry key="15" type="xstring" value="A470"/>
<entry key="16" type="xstring" value="A458"/>
<entry key="17" type="xstring" value="A3112"/>
<entry key="18" type="xstring" value="A494"/>
<entry key="19" type="xstring" value="A483"/>
</config>
<config key="attributeCounter">
<entry key="array-size" type="xint" value="20"/>
<entry key="0" type="xint" value="1"/>
<entry key="1" type="xint" value="5"/>
<entry key="2" type="xint" value="5"/>
<entry key="3" type="xint" value="1"/>
<entry key="4" type="xint" value="2"/>
<entry key="5" type="xint" value="1"/>
<entry key="6" type="xint" value="4"/>
<entry key="7" type="xint" value="2"/>
<entry key="8" type="xint" value="2"/>
<entry key="9" type="xint" value="1"/>
<entry key="10" type="xint" value="1"/>
<entry key="11" type="xint" value="2"/>
<entry key="12" type="xint" value="2"/>
<entry key="13" type="xint" value="3"/>
<entry key="14" type="xint" value="1"/>
<entry key="15" type="xint" value="5"/>
<entry key="16" type="xint" value="1"/>
<entry key="17" type="xint" value="1"/>
<entry key="18" type="xint" value="3"/>
<entry key="19" type="xint" value="3"/>
</config>
</config>
<config key="classValueData_1">
<entry key="classValue" type="xstring" value="80 - 160 tys."/>
<entry key="noOfRows" type="xint" value="2"/>
<entry key="MissingValCounter" type="xint" value="0"/>
<config key="attributeValues">
<entry key="array-size" type="xint" value="2"/>
<entry key="0" type="xstring" value="A40"/>
<entry key="1" type="xstring" value="A55"/>
</config>
<config key="attributeCounter">
<entry key="array-size" type="xint" value="2"/>
<entry key="0" type="xint" value="1"/>
<entry key="1" type="xint" value="1"/>
</config>
</config>
</config>
</config>
<config key="SkippedAttributeData_3">
<entry key="attributeName" type="xstring" value="ONS LA Name"/>
<entry key="type" type="xstring" value="NominalModel"/>
<entry key="skipMissingVals" type="xboolean" value="false"/>
<entry key="numberOfMissingValues" type="xint" value="0"/>
<entry key="invalidCause" type="xstring" value="Too many values"/>
<config key="data">
<entry key="maxNoOfAttrs" type="xint" value="20"/>
<entry key="noOfClasses" type="xint" value="2"/>
<config key="attributeValues">
<entry key="array-size" type="xint" value="20"/>
<entry key="0" type="xstring" value="Bridgend"/>
<entry key="1" type="xstring" value="Ceredigion"/>
<entry key="2" type="xstring" value="The Vale of Glamorgan"/>
<entry key="3" type="xstring" value="Monmouthshire"/>
<entry key="4" type="xstring" value="Blaenau Gwent"/>
<entry key="5" type="xstring" value="Isle of Anglesey"/>
<entry key="6" type="xstring" value="Pembrokeshire"/>
<entry key="7" type="xstring" value="Denbighshire"/>
<entry key="8" type="xstring" value="Isles of Scilly"/>
<entry key="9" type="xstring" value="Cardiff"/>
<entry key="10" type="xstring" value="Powys"/>
<entry key="11" type="xstring" value="Torfaen"/>
<entry key="12" type="xstring" value="Rhondda, Cynon, Taff"/>
<entry key="13" type="xstring" value="Carmarthenshire"/>
<entry key="14" type="xstring" value="Gwynedd"/>
<entry key="15" type="xstring" value="Newport"/>
<entry key="16" type="xstring" value="Neath Port Talbot"/>
<entry key="17" type="xstring" value="Conwy"/>
<entry key="18" type="xstring" value="Merthyr Tydfil"/>
<entry key="19" type="xstring" value="Flintshire"/>
</config>
<config key="classValueData_0">
<entry key="classValue" type="xstring" value="do 80 tys."/>
<entry key="noOfRows" type="xint" value="64"/>
<entry key="MissingValCounter" type="xint" value="0"/>
<config key="attributeValues">
<entry key="array-size" type="xint" value="20"/>
<entry key="0" type="xstring" value="Bridgend"/>
<entry key="1" type="xstring" value="Ceredigion"/>
<entry key="2" type="xstring" value="The Vale of Glamorgan"/>
<entry key="3" type="xstring" value="Monmouthshire"/>
<entry key="4" type="xstring" value="Blaenau Gwent"/>
<entry key="5" type="xstring" value="Isle of Anglesey"/>
<entry key="6" type="xstring" value="Pembrokeshire"/>
<entry key="7" type="xstring" value="Denbighshire"/>
<entry key="8" type="xstring" value="Isles of Scilly"/>
<entry key="9" type="xstring" value="Cardiff"/>
<entry key="10" type="xstring" value="Powys"/>
<entry key="11" type="xstring" value="Torfaen"/>
<entry key="12" type="xstring" value="Rhondda, Cynon, Taff"/>
<entry key="13" type="xstring" value="Carmarthenshire"/>
<entry key="14" type="xstring" value="Gwynedd"/>
<entry key="15" type="xstring" value="Newport"/>
<entry key="16" type="xstring" value="Neath Port Talbot"/>
<entry key="17" type="xstring" value="Conwy"/>
<entry key="18" type="xstring" value="Merthyr Tydfil"/>
<entry key="19" type="xstring" value="Flintshire"/>
</config>
<config key="attributeCounter">
<entry key="array-size" type="xint" value="20"/>
<entry key="0" type="xint" value="1"/>
<entry key="1" type="xint" value="5"/>
<entry key="2" type="xint" value="1"/>
<entry key="3" type="xint" value="3"/>
<entry key="4" type="xint" value="1"/>
<entry key="5" type="xint" value="1"/>
<entry key="6" type="xint" value="4"/>
<entry key="7" type="xint" value="2"/>
<entry key="8" type="xint" value="5"/>
<entry key="9" type="xint" value="1"/>
<entry key="10" type="xint" value="8"/>
<entry key="11" type="xint" value="1"/>
<entry key="12" type="xint" value="3"/>
<entry key="13" type="xint" value="7"/>
<entry key="14" type="xint" value="11"/>
<entry key="15" type="xint" value="2"/>
<entry key="16" type="xint" value="1"/>
<entry key="17" type="xint" value="3"/>
<entry key="18" type="xint" value="1"/>
<entry key="19" type="xint" value="3"/>
</config>
</config>
<config key="classValueData_1">
<entry key="classValue" type="xstring" value="80 - 160 tys."/>
<entry key="noOfRows" type="xint" value="2"/>
<entry key="MissingValCounter" type="xint" value="0"/>
<config key="attributeValues">
<entry key="array-size" type="xint" value="2"/>
<entry key="0" type="xstring" value="Monmouthshire"/>
<entry key="1" type="xstring" value="Conwy"/>
</config>
<config key="attributeCounter">
<entry key="array-size" type="xint" value="2"/>
<entry key="0" type="xint" value="1"/>
<entry key="1" type="xint" value="1"/>
</config>
</config>
</config>
</config>
</config>
<config key="AttributeModelSection">
<entry key="RecordCounter" type="xint" value="63668"/>
<entry key="AttributeModelCounter" type="xint" value="4"/>
<config key="AttributeModelData_0">
<entry key="attributeName" type="xstring" value="LenNet"/>
<entry key="type" type="xstring" value="NumericalModel"/>
<entry key="skipMissingVals" type="xboolean" value="false"/>
<entry key="numberOfMissingValues" type="xint" value="0"/>
<entry key="invalidCause" type="xstring" isnull="true" value=""/>
<config key="data">
<entry key="noOfClasses" type="xint" value="8"/>
<config key="classValueData_0">
<entry key="classValue" type="xstring" value="480 - 560 tys."/>
<entry key="MissingValCounter" type="xint" value="0"/>
<entry key="noOfRows" type="xint" value="25"/>
<entry key="sum" type="xdouble" value="357.0"/>
<entry key="squareSum" type="xdouble" value="5460.1399999999985"/>
</config>
<config key="classValueData_1">
<entry key="classValue" type="xstring" value="320 - 400 tys."/>
<entry key="MissingValCounter" type="xint" value="0"/>
<entry key="noOfRows" type="xint" value="75"/>
<entry key="sum" type="xdouble" value="840.6000000000003"/>
<entry key="squareSum" type="xdouble" value="10270.059999999998"/>
</config>
<config key="classValueData_2">
<entry key="classValue" type="xstring" value="do 80 tys."/>
<entry key="MissingValCounter" type="xint" value="0"/>
<entry key="noOfRows" type="xint" value="61495"/>
<entry key="sum" type="xdouble" value="163637.48000000257"/>
<entry key="squareSum" type="xdouble" value="1260228.3782000176"/>
</config>
<config key="classValueData_3">
<entry key="classValue" type="xstring" value="pow. 560 tys."/>
<entry key="MissingValCounter" type="xint" value="0"/>
<entry key="noOfRows" type="xint" value="16"/>
<entry key="sum" type="xdouble" value="267.09999999999997"/>
<entry key="squareSum" type="xdouble" value="4635.01"/>
</config>
<config key="classValueData_4">
<entry key="classValue" type="xstring" value="400 - 480 tys."/>
<entry key="MissingValCounter" type="xint" value="0"/>
<entry key="noOfRows" type="xint" value="45"/>
<entry key="sum" type="xdouble" value="597.7"/>
<entry key="squareSum" type="xdouble" value="8642.83"/>
</config>
<config key="classValueData_5">
<entry key="classValue" type="xstring" value="240 - 320 tys."/>
<entry key="MissingValCounter" type="xint" value="0"/>
<entry key="noOfRows" type="xint" value="158"/>
<entry key="sum" type="xdouble" value="1410.8000000000002"/>
<entry key="squareSum" type="xdouble" value="14556.959999999994"/>
</config>
<config key="classValueData_6">
<entry key="classValue" type="xstring" value="160 - 240 tys."/>
<entry key="MissingValCounter" type="xint" value="0"/>
<entry key="noOfRows" type="xint" value="416"/>
<entry key="sum" type="xdouble" value="3079.6000000000004"/>
<entry key="squareSum" type="xdouble" value="30282.179999999993"/>
</config>
<config key="classValueData_7">
<entry key="classValue" type="xstring" value="80 - 160 tys."/>
<entry key="MissingValCounter" type="xint" value="0"/>
<entry key="noOfRows" type="xint" value="1438"/>
<entry key="sum" type="xdouble" value="9877.149999999992"/>
<entry key="squareSum" type="xdouble" value="106249.5524999999"/>
</config>
</config>
</config>
<config key="AttributeModelData_1">
<entry key="attributeName" type="xstring" value="AllMV"/>
<entry key="type" type="xstring" value="ClassModel"/>
<entry key="skipMissingVals" type="xboolean" value="false"/>
<entry key="numberOfMissingValues" type="xint" value="0"/>
<entry key="invalidCause" type="xstring" isnull="true" value=""/>
<config key="data">
<entry key="totalNoOfRecords" type="xint" value="63668"/>
<entry key="maxNoOfClassValues" type="xint" value="20"/>
<config key="classValues">
<entry key="array-size" type="xint" value="8"/>
<entry key="0" type="xstring" value="240 - 320 tys."/>
<entry key="1" type="xstring" value="160 - 240 tys."/>
<entry key="2" type="xstring" value="80 - 160 tys."/>
<entry key="3" type="xstring" value="480 - 560 tys."/>
<entry key="4" type="xstring" value="320 - 400 tys."/>
<entry key="5" type="xstring" value="do 80 tys."/>
<entry key="6" type="xstring" value="pow. 560 tys."/>
<entry key="7" type="xstring" value="400 - 480 tys."/>
</config>
<config key="classRecordCounter">
<entry key="array-size" type="xint" value="8"/>
<entry key="0" type="xint" value="158"/>
<entry key="1" type="xint" value="416"/>
<entry key="2" type="xint" value="1438"/>
<entry key="3" type="xint" value="25"/>
<entry key="4" type="xint" value="75"/>
<entry key="5" type="xint" value="61495"/>
<entry key="6" type="xint" value="16"/>
<entry key="7" type="xint" value="45"/>
</config>
</config>
</config>
<config key="AttributeModelData_2">
<entry key="attributeName" type="xstring" value="RCategory"/>
<entry key="type" type="xstring" value="NominalModel"/>
<entry key="skipMissingVals" type="xboolean" value="false"/>
<entry key="numberOfMissingValues" type="xint" value="0"/>
<entry key="invalidCause" type="xstring" isnull="true" value=""/>
<config key="data">
<entry key="maxNoOfAttrs" type="xint" value="20"/>
<entry key="noOfClasses" type="xint" value="8"/>
<config key="attributeValues">
<entry key="array-size" type="xint" value="6"/>
<entry key="0" type="xstring" value="TM"/>
<entry key="1" type="xstring" value="TR"/>
<entry key="2" type="xstring" value="PM"/>
<entry key="3" type="xstring" value="PU"/>
<entry key="4" type="xstring" value="PR"/>
<entry key="5" type="xstring" value="TU"/>
</config>
<config key="classValueData_0">
<entry key="classValue" type="xstring" value="480 - 560 tys."/>
<entry key="noOfRows" type="xint" value="25"/>
<entry key="MissingValCounter" type="xint" value="0"/>
<config key="attributeValues">
<entry key="array-size" type="xint" value="1"/>
<entry key="0" type="xstring" value="TM"/>
</config>
<config key="attributeCounter">
<entry key="array-size" type="xint" value="1"/>
<entry key="0" type="xint" value="25"/>
</config>
</config>
<config key="classValueData_1">
<entry key="classValue" type="xstring" value="320 - 400 tys."/>
<entry key="noOfRows" type="xint" value="75"/>
<entry key="MissingValCounter" type="xint" value="0"/>
<config key="attributeValues">
<entry key="array-size" type="xint" value="2"/>
<entry key="0" type="xstring" value="TM"/>
<entry key="1" type="xstring" value="TR"/>
</config>
<config key="attributeCounter">
<entry key="array-size" type="xint" value="2"/>
<entry key="0" type="xint" value="72"/>
<entry key="1" type="xint" value="3"/>
</config>
</config>
<config key="classValueData_2">
<entry key="classValue" type="xstring" value="do 80 tys."/>
<entry key="noOfRows" type="xint" value="61495"/>
<entry key="MissingValCounter" type="xint" value="0"/>
<config key="attributeValues">
<entry key="array-size" type="xint" value="6"/>
<entry key="0" type="xstring" value="TM"/>
<entry key="1" type="xstring" value="TR"/>
<entry key="2" type="xstring" value="PM"/>
<entry key="3" type="xstring" value="PU"/>
<entry key="4" type="xstring" value="PR"/>
<entry key="5" type="xstring" value="TU"/>
</config>
<config key="attributeCounter">
<entry key="array-size" type="xint" value="6"/>
<entry key="0" type="xint" value="2199"/>
<entry key="1" type="xint" value="5652"/>
<entry key="2" type="xint" value="120"/>
<entry key="3" type="xint" value="30930"/>
<entry key="4" type="xint" value="21511"/>
<entry key="5" type="xint" value="1083"/>
</config>
</config>
<config key="classValueData_3">
<entry key="classValue" type="xstring" value="pow. 560 tys."/>
<entry key="noOfRows" type="xint" value="16"/>
<entry key="MissingValCounter" type="xint" value="0"/>
<config key="attributeValues">
<entry key="array-size" type="xint" value="1"/>
<entry key="0" type="xstring" value="TM"/>
</config>
<config key="attributeCounter">
<entry key="array-size" type="xint" value="1"/>
<entry key="0" type="xint" value="16"/>
</config>
</config>
<config key="classValueData_4">
<entry key="classValue" type="xstring" value="400 - 480 tys."/>
<entry key="noOfRows" type="xint" value="45"/>
<entry key="MissingValCounter" type="xint" value="0"/>
<config key="attributeValues">
<entry key="array-size" type="xint" value="1"/>
<entry key="0" type="xstring" value="TM"/>
</config>
<config key="attributeCounter">
<entry key="array-size" type="xint" value="1"/>
<entry key="0" type="xint" value="45"/>
</config>
</config>
<config key="classValueData_5">
<entry key="classValue" type="xstring" value="240 - 320 tys."/>
<entry key="noOfRows" type="xint" value="158"/>
<entry key="MissingValCounter" type="xint" value="0"/>
<config key="attributeValues">
<entry key="array-size" type="xint" value="3"/>
<entry key="0" type="xstring" value="TM"/>
<entry key="1" type="xstring" value="TR"/>
<entry key="2" type="xstring" value="PR"/>
</config>
<config key="attributeCounter">
<entry key="array-size" type="xint" value="3"/>
<entry key="0" type="xint" value="152"/>
<entry key="1" type="xint" value="5"/>
<entry key="2" type="xint" value="1"/>
</config>
</config>
<config key="classValueData_6">
<entry key="classValue" type="xstring" value="160 - 240 tys."/>
<entry key="noOfRows" type="xint" value="416"/>
<entry key="MissingValCounter" type="xint" value="0"/>
<config key="attributeValues">
<entry key="array-size" type="xint" value="4"/>
<entry key="0" type="xstring" value="TM"/>
<entry key="1" type="xstring" value="TR"/>
<entry key="2" type="xstring" value="PU"/>
<entry key="3" type="xstring" value="PR"/>
</config>
<config key="attributeCounter">
<entry key="array-size" type="xint" value="4"/>
<entry key="0" type="xint" value="350"/>
<entry key="1" type="xint" value="59"/>
<entry key="2" type="xint" value="4"/>
<entry key="3" type="xint" value="3"/>
</config>
</config>
<config key="classValueData_7">
<entry key="classValue" type="xstring" value="80 - 160 tys."/>
<entry key="noOfRows" type="xint" value="1438"/>
<entry key="MissingValCounter" type="xint" value="0"/>
<config key="attributeValues">
<entry key="array-size" type="xint" value="6"/>
<entry key="0" type="xstring" value="TM"/>
<entry key="1" type="xstring" value="TR"/>
<entry key="2" type="xstring" value="PM"/>
<entry key="3" type="xstring" value="PU"/>
<entry key="4" type="xstring" value="PR"/>
<entry key="5" type="xstring" value="TU"/>
</config>
<config key="attributeCounter">
<entry key="array-size" type="xint" value="6"/>
<entry key="0" type="xint" value="700"/>
<entry key="1" type="xint" value="495"/>
<entry key="2" type="xint" value="8"/>
<entry key="3" type="xint" value="54"/>
<entry key="4" type="xint" value="168"/>
<entry key="5" type="xint" value="13"/>
</config>
</config>
</config>
</config>
<config key="AttributeModelData_3">
<entry key="attributeName" type="xstring" value="ONS GOR Name"/>
<entry key="type" type="xstring" value="NominalModel"/>
<entry key="skipMissingVals" type="xboolean" value="false"/>
<entry key="numberOfMissingValues" type="xint" value="0"/>
<entry key="invalidCause" type="xstring" isnull="true" value=""/>
<config key="data">
<entry key="maxNoOfAttrs" type="xint" value="20"/>
<entry key="noOfClasses" type="xint" value="8"/>
<config key="attributeValues">
<entry key="array-size" type="xint" value="11"/>
<entry key="0" type="xstring" value="Wales"/>
<entry key="1" type="xstring" value="North West"/>
<entry key="2" type="xstring" value="London"/>
<entry key="3" type="xstring" value="Scotland"/>
<entry key="4" type="xstring" value="North East"/>
<entry key="5" type="xstring" value="East Midlands"/>
<entry key="6" type="xstring" value="South East"/>
<entry key="7" type="xstring" value="West Midlands"/>
<entry key="8" type="xstring" value="East of England"/>
<entry key="9" type="xstring" value="Yorkshire and The Humber"/>
<entry key="10" type="xstring" value="South West"/>
</config>
<config key="classValueData_0">
<entry key="classValue" type="xstring" value="480 - 560 tys."/>
<entry key="noOfRows" type="xint" value="25"/>
<entry key="MissingValCounter" type="xint" value="0"/>
<config key="attributeValues">
<entry key="array-size" type="xint" value="6"/>
<entry key="0" type="xstring" value="North West"/>
<entry key="1" type="xstring" value="East Midlands"/>
<entry key="2" type="xstring" value="South East"/>
<entry key="3" type="xstring" value="West Midlands"/>
<entry key="4" type="xstring" value="East of England"/>
<entry key="5" type="xstring" value="South West"/>
</config>
<config key="attributeCounter">
<entry key="array-size" type="xint" value="6"/>
<entry key="0" type="xint" value="4"/>
<entry key="1" type="xint" value="6"/>
<entry key="2" type="xint" value="9"/>
<entry key="3" type="xint" value="3"/>
<entry key="4" type="xint" value="2"/>
<entry key="5" type="xint" value="1"/>
</config>
</config>
<config key="classValueData_1">
<entry key="classValue" type="xstring" value="320 - 400 tys."/>
<entry key="noOfRows" type="xint" value="75"/>
<entry key="MissingValCounter" type="xint" value="0"/>
<config key="attributeValues">
<entry key="array-size" type="xint" value="7"/>
<entry key="0" type="xstring" value="North West"/>
<entry key="1" type="xstring" value="London"/>
<entry key="2" type="xstring" value="East Midlands"/>
<entry key="3" type="xstring" value="South East"/>
<entry key="4" type="xstring" value="West Midlands"/>
<entry key="5" type="xstring" value="East of England"/>
<entry key="6" type="xstring" value="South West"/>
</config>
<config key="attributeCounter">
<entry key="array-size" type="xint" value="7"/>
<entry key="0" type="xint" value="9"/>
<entry key="1" type="xint" value="3"/>
<entry key="2" type="xint" value="3"/>
<entry key="3" type="xint" value="30"/>
<entry key="4" type="xint" value="8"/>
<entry key="5" type="xint" value="10"/>
<entry key="6" type="xint" value="12"/>
</config>
</config>
<config key="classValueData_2">
<entry key="classValue" type="xstring" value="do 80 tys."/>
<entry key="noOfRows" type="xint" value="61495"/>
<entry key="MissingValCounter" type="xint" value="0"/>
<config key="attributeValues">
<entry key="array-size" type="xint" value="11"/>
<entry key="0" type="xstring" value="Wales"/>
<entry key="1" type="xstring" value="North West"/>
<entry key="2" type="xstring" value="London"/>
<entry key="3" type="xstring" value="Scotland"/>
<entry key="4" type="xstring" value="North East"/>
<entry key="5" type="xstring" value="East Midlands"/>
<entry key="6" type="xstring" value="South East"/>
<entry key="7" type="xstring" value="West Midlands"/>
<entry key="8" type="xstring" value="East of England"/>
<entry key="9" type="xstring" value="Yorkshire and The Humber"/>
<entry key="10" type="xstring" value="South West"/>
</config>
<config key="attributeCounter">
<entry key="array-size" type="xint" value="11"/>
<entry key="0" type="xint" value="3932"/>
<entry key="1" type="xint" value="7866"/>
<entry key="2" type="xint" value="6519"/>
<entry key="3" type="xint" value="7836"/>
<entry key="4" type="xint" value="2657"/>
<entry key="5" type="xint" value="4479"/>
<entry key="6" type="xint" value="7968"/>
<entry key="7" type="xint" value="5553"/>
<entry key="8" type="xint" value="4757"/>
<entry key="9" type="xint" value="4619"/>
<entry key="10" type="xint" value="5309"/>
</config>
</config>
<config key="classValueData_3">
<entry key="classValue" type="xstring" value="pow. 560 tys."/>
<entry key="noOfRows" type="xint" value="16"/>
<entry key="MissingValCounter" type="xint" value="0"/>
<config key="attributeValues">
<entry key="array-size" type="xint" value="4"/>
<entry key="0" type="xstring" value="East Midlands"/>
<entry key="1" type="xstring" value="South East"/>
<entry key="2" type="xstring" value="West Midlands"/>
<entry key="3" type="xstring" value="South West"/>
</config>
<config key="attributeCounter">
<entry key="array-size" type="xint" value="4"/>
<entry key="0" type="xint" value="1"/>
<entry key="1" type="xint" value="6"/>
<entry key="2" type="xint" value="6"/>
<entry key="3" type="xint" value="3"/>
</config>
</config>
<config key="classValueData_4">
<entry key="classValue" type="xstring" value="400 - 480 tys."/>
<entry key="noOfRows" type="xint" value="45"/>
<entry key="MissingValCounter" type="xint" value="0"/>
<config key="attributeValues">
<entry key="array-size" type="xint" value="5"/>
<entry key="0" type="xstring" value="North West"/>
<entry key="1" type="xstring" value="East Midlands"/>
<entry key="2" type="xstring" value="South East"/>
<entry key="3" type="xstring" value="West Midlands"/>
<entry key="4" type="xstring" value="East of England"/>
</config>
<config key="attributeCounter">
<entry key="array-size" type="xint" value="5"/>
<entry key="0" type="xint" value="5"/>
<entry key="1" type="xint" value="8"/>
<entry key="2" type="xint" value="19"/>
<entry key="3" type="xint" value="7"/>
<entry key="4" type="xint" value="6"/>
</config>
</config>
<config key="classValueData_5">
<entry key="classValue" type="xstring" value="240 - 320 tys."/>
<entry key="noOfRows" type="xint" value="158"/>
<entry key="MissingValCounter" type="xint" value="0"/>
<config key="attributeValues">
<entry key="array-size" type="xint" value="9"/>
<entry key="0" type="xstring" value="Wales"/>
<entry key="1" type="xstring" value="North West"/>
<entry key="2" type="xstring" value="London"/>
<entry key="3" type="xstring" value="East Midlands"/>
<entry key="4" type="xstring" value="South East"/>
<entry key="5" type="xstring" value="West Midlands"/>
<entry key="6" type="xstring" value="East of England"/>
<entry key="7" type="xstring" value="Yorkshire and The Humber"/>
<entry key="8" type="xstring" value="South West"/>
</config>
<config key="attributeCounter">
<entry key="array-size" type="xint" value="9"/>
<entry key="0" type="xint" value="5"/>
<entry key="1" type="xint" value="20"/>
<entry key="2" type="xint" value="3"/>
<entry key="3" type="xint" value="16"/>
<entry key="4" type="xint" value="45"/>
<entry key="5" type="xint" value="24"/>
<entry key="6" type="xint" value="11"/>
<entry key="7" type="xint" value="11"/>
<entry key="8" type="xint" value="23"/>
</config>
</config>
<config key="classValueData_6">
<entry key="classValue" type="xstring" value="160 - 240 tys."/>
<entry key="noOfRows" type="xint" value="416"/>
<entry key="MissingValCounter" type="xint" value="0"/>
<config key="attributeValues">
<entry key="array-size" type="xint" value="11"/>
<entry key="0" type="xstring" value="Wales"/>
<entry key="1" type="xstring" value="North West"/>
<entry key="2" type="xstring" value="London"/>
<entry key="3" type="xstring" value="Scotland"/>
<entry key="4" type="xstring" value="North East"/>
<entry key="5" type="xstring" value="East Midlands"/>
<entry key="6" type="xstring" value="South East"/>
<entry key="7" type="xstring" value="West Midlands"/>
<entry key="8" type="xstring" value="East of England"/>
<entry key="9" type="xstring" value="Yorkshire and The Humber"/>
<entry key="10" type="xstring" value="South West"/>
</config>
<config key="attributeCounter">
<entry key="array-size" type="xint" value="11"/>
<entry key="0" type="xint" value="12"/>
<entry key="1" type="xint" value="54"/>
<entry key="2" type="xint" value="18"/>
<entry key="3" type="xint" value="9"/>
<entry key="4" type="xint" value="10"/>
<entry key="5" type="xint" value="21"/>
<entry key="6" type="xint" value="103"/>
<entry key="7" type="xint" value="42"/>
<entry key="8" type="xint" value="58"/>
<entry key="9" type="xint" value="47"/>
<entry key="10" type="xint" value="42"/>
</config>
</config>
<config key="classValueData_7">
<entry key="classValue" type="xstring" value="80 - 160 tys."/>
<entry key="noOfRows" type="xint" value="1438"/>
<entry key="MissingValCounter" type="xint" value="0"/>
<config key="attributeValues">
<entry key="array-size" type="xint" value="11"/>
<entry key="0" type="xstring" value="Wales"/>
<entry key="1" type="xstring" value="North West"/>
<entry key="2" type="xstring" value="London"/>
<entry key="3" type="xstring" value="Scotland"/>
<entry key="4" type="xstring" value="North East"/>
<entry key="5" type="xstring" value="East Midlands"/>
<entry key="6" type="xstring" value="South East"/>
<entry key="7" type="xstring" value="West Midlands"/>
<entry key="8" type="xstring" value="East of England"/>
<entry key="9" type="xstring" value="Yorkshire and The Humber"/>
<entry key="10" type="xstring" value="South West"/>
</config>
<config key="attributeCounter">
<entry key="array-size" type="xint" value="11"/>
<entry key="0" type="xint" value="75"/>
<entry key="1" type="xint" value="185"/>
<entry key="2" type="xint" value="58"/>
<entry key="3" type="xint" value="100"/>
<entry key="4" type="xint" value="46"/>
<entry key="5" type="xint" value="139"/>
<entry key="6" type="xint" value="240"/>
<entry key="7" type="xint" value="95"/>
<entry key="8" type="xint" value="227"/>
<entry key="9" type="xint" value="171"/>
<entry key="10" type="xint" value="102"/>
</config>
</config>
</config>
</config>
</config>
</config>
</config>
</config>
